File,Title,Description_Part1,TOC,Segmentation,Methodology,Publish_Date,Image,Currency,Single Price,RID,Corporate Price,skucode,Total Page,Date,Status,Report_Docs,urlNp,Meta Description,Meta_Key,Base Year,history,Enterprise Price,SEOTITLE,BreadCrumb Text,Schema 1,Schema 2,Sub-Category,Description_Part2
Telerehabilitation Market.docx,"Telerehabilitation Market By Product Type (Software Solutions, Hardware Solutions, Integrated Solutions); By Application (Musculoskeletal Rehabilitation, Neurological Rehabilitation, Cardiac Rehabilitation, Mental Health Rehabilitation); By End User (Healthcare Providers, Home Care Settings, Insurance Providers, Patients); By Region (North America, Europe, Asia Pacific, LAMEA), Segment Revenue Estimation, Forecast, 2024–2030.","
<h2><strong>Introduction And Strategic Context</strong></h2>
<p>The <b>Global</b> <b>Telerehabilitation</b> <b>Market</b> is projected to experience a strong CAGR of <b>20.5%</b> , valued at approximately <b>USD 7.4 billion in 2024</b> , and expected to reach <b>USD 27.8 billion by 2030</b> , confirms Strategic Market Research.</p>
<p>Telerehabilitation , a form of telemedicine, utilizes advanced digital technologies to provide rehabilitation services remotely. This approach enables patients to access physical therapy, speech therapy, and mental health rehabilitation without needing to visit healthcare facilities in person. The increasing adoption of telerehabilitation solutions is mainly driven by the need for more accessible and flexible healthcare, especially for patients in rural and underserved areas.</p>
<p>The strategic relevance of telerehabilitation is becoming more pronounced as healthcare systems are under pressure to manage rising patient volumes, particularly due to the growing burden of chronic diseases and an aging population. In this context, telerehabilitation offers a solution that reduces the strain on physical healthcare infrastructure while improving patient outcomes.</p>
<p>Key macro forces driving this market include:</p>
<ul>
<li><p><b>Technological Advancements</b> : The integration of artificial intelligence (AI), wearable devices, and virtual reality (VR) for remote patient monitoring is reshaping the telerehabilitation landscape, offering more personalized and efficient care.</p></li>
<li><p><b>Regulatory Support</b> : Increasing government initiatives and policy changes, particularly post-pandemic , are encouraging the adoption of telehealth services, including telerehabilitation , by relaxing regulations and offering reimbursement options.</p></li>
<li><p><b>Healthcare Needs</b> : The aging population, coupled with the growing prevalence of conditions such as stroke, neurological disorders, and musculoskeletal injuries, is creating a heightened demand for rehabilitation services.</p></li>
<li><p><b>Post-Pandemic Shifts</b> : The COVID-19 pandemic has acted as a catalyst for the adoption of remote care models, including telerehabilitation , and this trend is expected to continue as patients and providers increasingly prefer virtual care options.</p></li>
</ul>
<p>Key stakeholders in this market include <b>telehealth providers</b> , <b>healthcare organizations</b> , <b>technology developers</b> , <b>insurers</b> , and <b>governments</b> . These players are integral in advancing telerehabilitation as a mainstream healthcare service, leveraging their unique capabilities to address the growing demand for remote rehabilitation solutions.</p>
<p><i>The market presents significant opportunities for healthcare systems, insurers, and technology providers to offer more flexible, cost-effective, and accessible rehabilitation services, particularly as patient preferences continue to shift towards remote care.</i></p>

<h2><strong>Market Segmentation And Forecast Scope</strong></h2>
<p>The <b>Telerehabilitation</b> <b>market</b> can be segmented across several critical dimensions, including <b>product type</b> , <b>application</b> , <b>end user</b> , and <b>region</b> . These segmentation strategies offer deeper insights into the diverse landscape of the market and provide a roadmap for stakeholders seeking to capitalize on its growth.</p>
<p><b>By Product Type</b></p>
<ul>
<li><p><b>Software Solutions</b> : This category includes platforms and applications that enable remote monitoring, virtual consultations, and teletherapy sessions. Software solutions are the cornerstone of telerehabilitation , enabling healthcare professionals to track patient progress, adjust treatment plans, and provide real-time feedback. The segment is projected to dominate the market, with <b>software solutions</b> accounting for nearly <b>45%</b> of the market revenue in 2024.</p></li>
<li><p><b>Hardware Solutions</b> : This includes devices such as wearables, sensors, and other specialized rehabilitation tools that are used to support remote therapy. Hardware is expected to experience a significant growth rate, especially with the increasing use of wearable technologies for monitoring physical activities and patient vitals.</p></li>
<li><p><b>Integrated Solutions</b> : These are combined hardware and software solutions, offering a complete telerehabilitation platform. As healthcare providers look for comprehensive systems that allow seamless integration of hardware with therapeutic software, this sub-segment is expected to grow steadily, contributing <b>28%</b> of the total market share in 2024.</p></li>
</ul>
<p><b>By Application</b></p>
<ul>
<li><p><b>Musculoskeletal Rehabilitation</b> : This application, which includes the rehabilitation of bone, joint, and soft tissue injuries, is one of the most prominent use cases for telerehabilitation . Patients recovering from fractures, surgeries, or sports-related injuries benefit significantly from remote physiotherapy and rehabilitation. It is projected to contribute <b>36%</b> of the overall market share in 2024, making it the largest application segment.</p></li>
<li><p><b>Neurological Rehabilitation</b> : As neurological conditions such as stroke, Parkinson’s disease, and multiple sclerosis become more prevalent, telerehabilitation services targeting these conditions are gaining popularity. <b>Neurological rehabilitation</b> is expected to see one of the highest growth rates in the market, with <b>CAGR of 22%</b> from 2024 to 2030.</p></li>
<li><p><b>Cardiac Rehabilitation</b> : Remote cardiac rehabilitation is an emerging area, driven by the rising incidence of cardiovascular diseases and the increasing focus on post-cardiac event care. This segment is expected to hold a <b>14%</b> market share in 2024 and grow at a strong pace due to the increasing adoption of telehealth for chronic disease management.</p></li>
<li><p><b>Mental Health and Cognitive Rehabilitation</b> : Telerehabilitation is increasingly being used for mental health therapies, particularly for patients with anxiety, depression, and post-traumatic stress disorder (PTSD). Virtual cognitive behavioral therapy (CBT) and remote interventions have opened up new avenues for care in this space.</p></li>
</ul>
<p><b>By End User</b></p>
<ul>
<li><p><b>Healthcare Providers</b> : Healthcare providers, including rehabilitation centers, physiotherapists, and hospitals, are the largest end users of telerehabilitation services. The convenience and cost-effectiveness of delivering rehabilitation remotely are major factors in this adoption. Healthcare providers will account for <b>50%</b> of the market share in 2024.</p></li>
<li><p><b>Home Care Settings</b> : With more patients opting for home care, particularly after surgery or during long-term rehabilitation, the demand for remote care services in home settings is growing rapidly. This segment is anticipated to capture a <b>25%</b> market share by 2024, driven by aging populations and the shift toward more decentralized healthcare systems.</p></li>
<li><p><b>Insurance Providers</b> : Insurance companies are also becoming key players in the market as they recognize the cost-saving potential of remote rehabilitation services. By offering reimbursement for telerehabilitation , insurance providers are helping increase market adoption.</p></li>
</ul>
<p><b>By Region</b></p>
<ul>
<li><p><b>North America</b> : North America remains the largest market for telerehabilitation , with the <b>U.S.</b> at the forefront due to its well-established healthcare infrastructure, significant investments in telehealth, and favorable reimbursement policies. The region will account for <b>42%</b> of the market in 2024, with a high adoption rate driven by both healthcare providers and patients.</p></li>
<li><p><b>Europe</b> : Europe is also experiencing robust growth, with countries such as <b>Germany</b> , <b>France</b> , and <b>the UK</b> leading the way. The region’s healthcare system has increasingly embraced telerehabilitation , supported by government initiatives to integrate telemedicine into routine care. Europe will capture <b>28%</b> of the global market share in 2024.</p></li>
<li><p><b>Asia-Pacific</b> : The Asia-Pacific region, led by countries like <b>China</b> , <b>India</b> , and <b>Japan</b> , is poised to witness the fastest growth rate. With an expanding healthcare market, large patient populations, and increasing investments in telemedicine, this region is expected to grow at the highest CAGR of <b>24%</b> from 2024 to 2030.</p></li>
<li><p><b>Latin America and Middle East & Africa</b> : These regions, while smaller in terms of current market size, present significant untapped potential. The telerehabilitation market is expected to grow rapidly in these areas as healthcare infrastructure improves and telehealth adoption increases.</p></li>
</ul>
<p><i>Given the diverse applications and end-user profiles, the</i> <i>telerehabilitation</i> <i>market is expected to continue expanding across multiple regions and sectors, driven by technological innovation and increasing demand for accessible healthcare solutions.</i></p>

<h2><strong>Market Trends And Innovation Landscape</strong></h2>
<p>The <b>Telerehabilitation</b> <b>market</b> is at the intersection of healthcare innovation and digital transformation, with several trends and emerging technologies reshaping its landscape. As rehabilitation services move into the virtual realm, a variety of trends are driving the growth and evolution of the sector.</p>
<p><b>Key Trends in</b> <b>Telerehabilitation</b></p>
<ul>
<li><p><b>AI and Machine Learning Integration</b> Artificial intelligence (AI) and machine learning (ML) are increasingly being integrated into telerehabilitation platforms to provide personalized treatment plans and monitor patient progress. These technologies are allowing for adaptive rehabilitation programs that adjust in real-time based on patient data. For example, AI-powered tools can analyze data from wearable devices to suggest modifications to rehabilitation exercises or provide feedback on technique. <i>This level of customization increases both the efficacy and user engagement of rehabilitation programs, improving patient outcomes.</i></p></li>
<li><p><b>Virtual Reality (VR) and Augmented Reality (AR) in Rehabilitation</b> The use of VR and AR technologies in telerehabilitation has grown, particularly in musculoskeletal and neurological rehabilitation. These technologies create immersive environments that replicate physical therapy exercises in a virtual space, making rehabilitation more engaging and motivating for patients. Patients recovering from strokes, for instance, can use VR exercises that stimulate motor skills and cognitive functions. <i>By immersing patients in these virtual environments,</i> <i>telerehabilitation</i> <i>is offering more engaging and effective therapy options that may lead to quicker recovery.</i></p></li>
<li><p><b>Wearables and Remote Monitoring Devices</b> Wearables, such as smartwatches, fitness trackers, and motion sensors, are playing an increasingly important role in telerehabilitation . These devices provide continuous monitoring of a patient’s vitals and physical activity, allowing therapists to track progress remotely. <i>This technology not only empowers patients to take charge of their own recovery but also provides clinicians with real-time data to make informed adjustments to treatment plans.</i></p></li>
<li><p><b>Cloud-Based Solutions and Data Integration</b> Cloud technology is enabling telerehabilitation services to be more scalable, accessible, and cost-effective. Cloud-based platforms are allowing therapists to access patient data from anywhere, enabling a more flexible and collaborative approach to rehabilitation. Additionally, the integration of data across multiple devices and platforms is enhancing the continuity of care and helping to better manage patient outcomes over time. <i>This trend is making</i> <i>telerehabilitation</i> <i>services more accessible and efficient, especially for healthcare systems with limited physical infrastructure.</i></p></li>
<li><p><b>Government and Regulatory Support</b> Governments worldwide are increasingly supporting the adoption of telerehabilitation . In many regions, healthcare systems are expanding reimbursement policies for telehealth services, including telerehabilitation , to encourage its integration into mainstream healthcare. <i>For example, several national health organizations in Europe and North America now cover telehealth services for rehabilitation, removing a significant barrier to market growth.</i> Furthermore, regulatory changes are becoming more favorable, making it easier for healthcare providers to offer these services in a more structured and legally compliant manner.</p></li>
<li><p><b>Post-Pandemic Shift to Remote Healthcare</b> The COVID-19 pandemic accelerated the adoption of telehealth, and as healthcare systems worldwide continue to adapt, the shift to remote and virtual care is expected to continue. <i>Patients who became accustomed to receiving care remotely during the</i> <i>pandemic are more likely to seek out</i> <i>telerehabilitation</i> <i>services in the future.</i> This shift in patient behavior and preference will likely continue driving market growth even as pandemic-related restrictions subside.</p></li>
</ul>
<p><b>Innovations Shaping the Future of</b> <b>Telerehabilitation</b></p>
<ul>
<li><p><b>AI-Powered Diagnostics and Personalized Care</b> : The ability to tailor rehabilitation programs based on an individual’s unique progress and condition is one of the most transformative innovations in telerehabilitation . <i>In the future, AI systems may be able to predict rehabilitation outcomes and automatically adjust programs based on real-time data collected from wearables and other monitoring devices.</i></p></li>
<li><p><b>Integration with Virtual Health Platforms</b> : As healthcare moves toward integrated virtual care, telerehabilitation will increasingly be incorporated into larger digital health ecosystems. This includes collaboration between telemedicine platforms, electronic health records (EHR), and mobile health apps. <i>The seamless integration of these platforms will make</i> <i>telerehabilitation</i> <i>a more natural extension of overall patient care, making it easier for both patients and clinicians to track health metrics in real time.</i></p></li>
<li><p><b>Advanced Robotics</b> : Robotic-assisted rehabilitation devices, combined with telerehabilitation services, are transforming physical therapy. These devices, which provide guided movement and therapy exercises, are increasingly being connected to remote rehabilitation platforms. <i>For example, patients with severe mobility impairments can use robotic exoskeletons for rehabilitation at home, with therapists remotely guiding and adjusting their treatment.</i></p></li>
</ul>
<p><b>Expert Insights and Future Outlook</b></p>
<p>Looking ahead, <i>telerehabilitation</i> <i>is expected to evolve into an even more integrated, data-driven, and patient-centric approach to rehabilitation</i> . The advancements in AI, VR/AR, and wearable technologies will not only enhance the precision of rehabilitation services but also help reduce the cost of healthcare. Furthermore, the demand for these services will only increase as healthcare systems continue to look for solutions that address the need for more flexible, scalable, and efficient care models.</p>
<p>One potential game-changer will be the continued development of personalized rehabilitation strategies powered by AI and machine learning. <i>The ability to monitor and adjust rehabilitation programs in real time based on data from wearable devices will allow healthcare providers to offer more precise and effective care, which is particularly important for chronic conditions or long-term recovery.</i></p>
<p>In the next 5–10 years, we can expect telerehabilitation to be an essential part of the global healthcare ecosystem, enabling more patients to access rehabilitation services, improving outcomes, and reducing healthcare costs.</p>

<h2><strong>Competitive Intelligence And Benchmarking</strong></h2>
<p>The <b>Telerehabilitation</b> <b>market</b> is relatively new compared to traditional rehabilitation models, but it is rapidly gaining traction as both established players and new entrants look to tap into the growing demand for remote rehabilitation services. The market is highly competitive, with key players focusing on different aspects such as innovation in software, integration with hardware, and partnerships with healthcare providers to offer integrated solutions. Below, we’ll highlight some of the leading companies that are shaping the competitive landscape of this market.</p>
<p><b>Key Players in the</b> <b>Telerehabilitation</b> <b>Market</b></p>
<ul>
<li><p><b>Philips Healthcare</b></p></li>
<li><p><b>Strategy</b> : Philips Healthcare is a leader in telehealth solutions, including telerehabilitation . They leverage their broad healthcare infrastructure to offer integrated remote rehabilitation solutions that combine diagnostic tools, patient monitoring, and therapeutic services.</p></li>
<li><p><b>Global Reach</b> : Philips has a strong presence in North America and Europe, and is expanding into emerging markets such as Asia-Pacific.</p></li>
<li><p><b>Product Differentiation</b> : Philips offers comprehensive telerehabilitation platforms that integrate wearable devices, AI-driven patient assessments, and remote monitoring capabilities, making them a key player in musculoskeletal and neurological rehabilitation sectors.</p></li>
<li><p><b>Medtronic</b></p></li>
<li><p><b>Strategy</b> : Medtronic has been advancing the telerehabilitation market with its integrated healthcare technologies, combining medical devices with digital solutions for rehabilitation. Their focus is on enhancing patient engagement and improving treatment outcomes through remote monitoring and virtual care models.</p></li>
<li><p><b>Global Reach</b> : Medtronic has a vast global footprint, with strong operations in North America, Europe, and Asia.</p></li>
<li><p><b>Product Differentiation</b> : Known for its cutting-edge healthcare devices, Medtronic offers unique solutions that focus on cardiac and neurological rehabilitation, often integrating rehabilitation services with their medical device platforms.</p></li>
<li><p><b>Vivify Health</b></p></li>
<li><p><b>Strategy</b> : Vivify Health has focused its efforts on developing cloud-based telehealth platforms specifically aimed at chronic disease management and post-acute rehabilitation. Their solutions are used extensively by healthcare providers to offer personalized rehabilitation programs remotely.</p></li>
<li><p><b>Global Reach</b> : Primarily focused on North America, Vivify Health is expanding its footprint into European and Asian markets.</p></li>
<li><p><b>Product Differentiation</b> : The company’s strong suit lies in its patient engagement tools, which are powered by data analytics and real-time patient monitoring. Their solutions are used in a variety of clinical settings, including cardiac and musculoskeletal rehabilitation.</p></li>
<li><p><b>TrekMed</b></p></li>
<li><p><b>Strategy</b> : TrekMed is a smaller player that offers a tailored approach to telerehabilitation , particularly for musculoskeletal and orthopedic recovery. Their main focus is on enhancing patient outcomes by providing at-home rehabilitation programs combined with professional guidance from remote physiotherapists.</p></li>
<li><p><b>Global Reach</b> : TrekMed operates in select markets, mainly in Europe and North America, with a growing presence in Asia.</p></li>
<li><p><b>Product Differentiation</b> : TrekMed differentiates itself by offering specialized programs for post-surgery recovery and injury rehabilitation, incorporating video consultations, mobile applications, and AI to customize rehabilitation exercises.</p></li>
<li><p><b>Mayo Clinic</b></p></li>
<li><p><b>Strategy</b> : Mayo Clinic, a renowned healthcare provider, has expanded its services into the telerehabilitation space, offering remote rehabilitation services integrated with its traditional healthcare services. The clinic focuses on providing personalized and holistic care, backed by its vast clinical research and expertise.</p></li>
<li><p><b>Global Reach</b> : While Mayo Clinic's primary operations are in the U.S., it has global collaborations that extend its telerehabilitation services to international patients, especially in areas like neurological rehabilitation.</p></li>
<li><p><b>Product Differentiation</b> : The clinic’s key differentiator is its medical expertise and trusted brand, combined with its extensive telehealth infrastructure, providing highly personalized care remotely.</p></li>
<li><p><b>RehabWave</b></p></li>
<li><p><b>Strategy</b> : RehabWave focuses specifically on creating telehealth platforms for physiotherapists and other rehabilitation specialists. Their platform integrates teleconsultations, exercise monitoring, and real-time assessments, making it a strong contender in the rapidly growing telerehabilitation space.</p></li>
<li><p><b>Global Reach</b> : RehabWave has made strong inroads into Europe and North America, and it is now expanding into the Asia-Pacific region.</p></li>
<li><p><b>Product Differentiation</b> : Their telehealth platform stands out due to its deep focus on physiotherapy, offering customizable rehabilitation programs and interactive tools to keep patients engaged throughout the rehabilitation process.</p></li>
</ul>
<p><b>Competitive Landscape Insights</b></p>
<ul>
<li><p><b>Innovation and Partnerships</b> : Innovation in AI, wearable technologies, and virtual reality is a major focus for leading companies in this market. For example, partnerships between tech companies and rehabilitation service providers are increasingly common as companies seek to develop more holistic, integrated solutions.</p></li>
<li><p><b>Regional Leaders and Gaps</b> : While <b>North America</b> and <b>Europe</b> currently dominate the market due to strong healthcare infrastructure and regulatory support, <b>Asia-Pacific</b> is expected to become the fastest-growing region in the coming years. <i>Companies that successfully navigate regional differences, particularly in terms of healthcare regulation and patient access to technology, will be best positioned to capture emerging markets.</i></p></li>
<li><p><b>Technology Integration</b> : The integration of hardware (wearables, sensors) with software (telehealth platforms, patient engagement apps) is a critical factor in gaining a competitive edge. <i>Companies that offer comprehensive, multi-faceted solutions—combining rehabilitation programs, remote monitoring, and patient data analytics—are likely to dominate the market in the coming years.</i></p></li>
<li><p><b>Market Fragmentation</b> : The telerehabilitation market is currently fragmented, with both large global companies like <b>Philips</b> and <b>Medtronic</b> competing against smaller, specialized providers like <b>TrekMed</b> and <b>RehabWave</b> . <i>In the future, consolidation may occur as companies look to integrate and offer end-to-end rehabilitation solutions.</i></p></li>
</ul>

<h2><strong>Regional Landscape And Adoption Outlook</strong></h2>
<p>The adoption of <b>telerehabilitation</b> services varies significantly across regions, influenced by healthcare infrastructure, regulatory environments, and the degree of technological adoption. Let’s examine the market dynamics and growth opportunities by region, highlighting key countries and growth trajectories.</p>
<p><b>North America</b></p>
<p><b>North America</b> remains the dominant market for telerehabilitation , driven by the high adoption of telemedicine and digital health solutions in the U.S. and Canada. The region's advanced healthcare infrastructure, large healthcare spend, and favorable regulatory environment make it a prime hub for telehealth and rehabilitation services.</p>
<ul>
<li><p><b>U.S.</b> : The U.S. is leading the way in telerehabilitation adoption, supported by extensive insurance coverage for telehealth services and a large number of healthcare providers offering remote rehabilitation services. <b>Medicare</b> and <b>Medicaid</b> have expanded reimbursement policies for remote care, including telerehabilitation , further bolstering the sector.</p></li>
<li><p><b>Canada</b> : Canada is also witnessing rapid adoption, particularly in rural and remote areas, where telerehabilitation is helping bridge gaps in access to healthcare professionals. The Canadian government has been actively supporting telehealth solutions to address its vast geographical challenges.</p></li>
<li><p><b>Growth Outlook</b> : The market in North America is expected to grow steadily, with <b>U.S.</b> dominating the overall revenue share. The region's regulatory environment, high healthcare spending, and tech adoption provide a solid foundation for continued growth.</p></li>
</ul>
<p><b>Europe</b></p>
<p><b>Europe</b> is the second-largest market for telerehabilitation , with countries like the <b>United Kingdom</b> , <b>Germany</b> , and <b>France</b> leading adoption. Regulatory frameworks in Europe are also becoming more favorable for telehealth services, with many countries expanding reimbursement for remote care.</p>
<ul>
<li><p><b>United Kingdom</b> : The NHS has increasingly integrated digital solutions, including telerehabilitation , into its service offerings. The government's commitment to digital health and rehabilitation, as well as the rising number of chronic conditions, is boosting the market.</p></li>
<li><p><b>Germany</b> : Germany’s healthcare system is robust and well-funded, with telerehabilitation being used extensively for musculoskeletal and neurological disorders. The country’s significant investments in digital healthcare are expected to further accelerate adoption.</p></li>
<li><p><b>France</b> : France is seeing a steady increase in telerehabilitation use, especially for post-surgery and chronic disease management. The French government has been proactive in expanding telemedicine reimbursement policies.</p></li>
<li><p><b>Growth Outlook</b> : Europe’s telerehabilitation market is projected to continue growing at a solid pace, with <b>Germany</b> and <b>France</b> driving market expansion, and the overall regional growth rate expected to be around <b>15%</b> CAGR through 2030.</p></li>
</ul>
<p><b>Asia-Pacific</b></p>
<p>The <b>Asia-Pacific</b> region is poised for the fastest growth in the telerehabilitation market. Factors driving this growth include increasing healthcare investments, rising chronic disease prevalence, and a growing number of tech-savvy consumers in countries like <b>China</b> , <b>India</b> , and <b>Japan</b> .</p>
<ul>
<li><p><b>China</b> : China’s healthcare industry is undergoing a digital transformation, with substantial investments in telemedicine and telehealth services. The government’s support for digital healthcare, combined with a large patient population, makes it a critical market for telerehabilitation services.</p></li>
<li><p><b>India</b> : India’s rapidly expanding healthcare sector and the vast number of patients in need of rehabilitation services make it a key market. However, challenges such as healthcare accessibility in rural areas and digital literacy may slow initial adoption, though the market’s growth trajectory remains strong.</p></li>
<li><p><b>Japan</b> : Japan has an aging population, making the need for rehabilitation services, including telerehabilitation , more pressing. The country’s high technological adoption rate will support the growth of telerehabilitation platforms, particularly in urban areas.</p></li>
<li><p><b>Growth Outlook</b> : The Asia-Pacific region is expected to exhibit the highest CAGR of <b>24%</b> from 2024 to 2030. The demand for cost-effective healthcare solutions, coupled with the region’s increasing access to digital health technologies, will continue to drive market expansion.</p></li>
</ul>
<p><b>Latin America and Middle East & Africa (LAMEA)</b></p>
<p>The <b>LAMEA</b> region, while currently smaller in terms of market size, offers significant growth potential due to improvements in healthcare infrastructure, rising health awareness, and increased adoption of digital health solutions.</p>
<ul>
<li><p><b>Brazil</b> : In Brazil, the telerehabilitation market is growing rapidly due to increasing demand for healthcare services in remote areas, where access to rehabilitation facilities is limited. The Brazilian government is also showing greater support for telehealth services, including telerehabilitation , which will boost adoption.</p></li>
<li><p><b>Saudi Arabia</b> : Saudi Arabia is investing heavily in its healthcare system, and telerehabilitation is expected to become an integral part of the national health service , particularly for its aging population.</p></li>
<li><p><b>South Africa</b> : South Africa is seeing gradual adoption of telerehabilitation , especially in urban areas, with initiatives from private healthcare providers pushing digital health forward. However, access to digital infrastructure remains a challenge in some areas.</p></li>
<li><p><b>Growth Outlook</b> : While LAMEA accounts for a smaller portion of the global market, it is expected to experience significant growth, particularly driven by <b>Brazil</b> and <b>Saudi Arabia</b> . This growth is anticipated to be fueled by improving digital health infrastructure, increasing healthcare investments, and rising patient demand for remote care options.</p></li>
</ul>
<p><b>Key Regional Dynamics and Market Gaps</b></p>
<ul>
<li><p><b>North America</b> and <b>Europe</b> dominate the market due to strong healthcare systems, high investment in digital health, and advanced reimbursement models.</p></li>
<li><p><b>Asia-Pacific</b> offers the fastest growth potential, driven by large populations, government investments, and increasing access to digital health technologies. However, <b>digital literacy</b> and <b>infrastructure gaps</b> in rural areas may present challenges in fully realizing this potential.</p></li>
<li><p><b>LAMEA</b> represents a white space with untapped opportunities, where improvements in digital infrastructure and healthcare policies can open the door for rapid market expansion.</p></li>
</ul>
<p><i>The regional market dynamics are diverse, with each region facing unique challenges and opportunities. The key to success in this market will be the ability to address regional healthcare needs, local regulations, and digital accessibility to create tailored solutions that can effectively serve patients across different geographies.</i></p>

<h2><strong>End-User Dynamics And Use Case</strong></h2>
<p>The <b>Telerehabilitation</b> <b>market</b> is heavily influenced by the diverse needs of its end users. These end users vary from healthcare providers and insurance companies to patients themselves, each with unique expectations and requirements. Understanding how each segment adopts and utilizes telerehabilitation services is key to gauging future growth potential and identifying emerging opportunities.</p>
<p><b>Healthcare Providers</b></p>
<p>Healthcare providers, including rehabilitation centers, hospitals, and outpatient clinics, are the largest users of telerehabilitation services. They play a central role in implementing and managing telerehabilitation programs, providing the infrastructure and expertise required to deliver remote rehabilitation care effectively.</p>
<ul>
<li><p><b>Hospitals and Rehabilitation Centers</b> : These facilities are adopting telerehabilitation to improve patient access to rehabilitation services, especially for individuals who are unable to visit in person due to mobility issues or geographic barriers. Many rehabilitation centers are using telerehabilitation for post-surgical recovery, stroke rehabilitation, and chronic disease management.</p></li>
<li><p><b>Physiotherapists and Specialized Practitioners</b> : For physiotherapists and other rehabilitation specialists, telerehabilitation provides the opportunity to continue patient care remotely, offering flexibility in the delivery of personalized rehabilitation programs.</p></li>
<li><p><b>Use Case Example</b> : A large rehabilitation center in <b>New York</b> adopted a telerehabilitation platform after noticing a surge in patients unable to attend physical therapy","
<strong>Executive Summary</strong>
<ul>
<li><p>Market Overview</p></li>
<li><p>Market Attractiveness by Product Type, Application, End User, and Region</p></li>
<li><p>Strategic Insights from Key Executives (CXO Perspective)</p></li>
<li><p>Historical Market Size and Future Projections (2022–2032)</p></li>
<li><p>Summary of Market Segmentation by Product Type, Application, End User, and Region</p></li>
</ul>

<strong>Market Share Analysis</strong>
<ul>
<li><p>Leading Players by Revenue and Market Share</p></li>
<li><p>Market Share Analysis by Product Type, Application, and End User</p></li>
</ul>

<strong>Investment Opportunities in the Telerehabilitation Market</strong>
<ul>
<li><p>Key Developments and Innovations</p></li>
<li><p>Mergers, Acquisitions, and Strategic Partnerships</p></li>
<li><p>High-Growth Segments for Investment</p></li>
</ul>

<strong>Market Introduction</strong>
<ul>
<li><p>Definition and Scope of the Study</p></li>
<li><p>Market Structure and Key Findings</p></li>
<li><p>Overview of Top Investment Pockets</p></li>
</ul>

<strong>Research Methodology</strong>
<ul>
<li><p>Research Process Overview</p></li>
<li><p>Primary and Secondary Research Approaches</p></li>
<li><p>Market Size Estimation and Forecasting Techniques</p></li>
</ul>

<strong>Market Dynamics</strong>
<ul>
<li><p>Key Market Drivers</p></li>
<li><p>Challenges and Restraints Impacting Growth</p></li>
<li><p>Emerging Opportunities for Stakeholders</p></li>
<li><p>Impact of Regulatory and Technological Factors</p></li>
</ul>

<strong>Global Telerehabilitation Market Analysis</strong>
<ul>
<li><p>Historical Market Size and Volume (2022–2023)</p></li>
<li><p>Market Size and Volume Forecasts (2024–2030)</p></li>
<li><p>Market Analysis by Product Type, Application, End User, and Region</p></li>
</ul>

<strong>Regional Market Analysis</strong>
<ul>
<li><p>North America, Europe, Asia-Pacific, Latin America, Middle East & Africa</p></li>
</ul>

<strong>Competitive Intelligence</strong>
<ul>
<li><p>Key Players in the Telerehabilitation Market</p></li>
</ul>

<strong>Appendix</strong>
<ul>
<li><p>Abbreviations and Terminologies Used in the Report</p></li>
<li><p>References and Sources</p></li>
</ul>",<p>.</p>,"<p><strong>Q1: How big is the telerehabilitation market?</strong><br>A1: The global telerehabilitation market was valued at USD 7.4 billion in 2024.</p>
<p><strong>Q2: What is the CAGR for the telerehabilitation market during the forecast period?</strong><br>A2: The market is expected to grow at a CAGR of 20.5% from 2024 to 2030.</p>
<p><strong>Q3: Who are the major players in the telerehabilitation market?</strong><br>A3: Leading players include **Philips Healthcare**, **Medtronic**, **Vivify Health**, **TrekMed**, and **Mayo Clinic**.</p>
<p><strong>Q4: Which region dominates the telerehabilitation market?</strong><br>A4: North America leads due to its advanced healthcare infrastructure and regulatory support.</p>
<p><strong>Q5: What factors are driving the telerehabilitation market?</strong><br>A5: Growth is driven by increasing demand for chronic disease management, government support, and advancements in AI and wearable technology.</p>",SEP-2025,,USD,4485,,6449,telerehabilitation market,167,28-09-2025,IN,,telerehabilitation market,"The Global Telerehabilitation Market is projected to experience a strong CAGR of 20.5%, valued at approximately USD 7.4 billion in 2024, and expected to reach USD 27.8 billion by 2030, confirms Strategic Market Research.",.,2024,2019-2023,8339,Telerehabilitation Market Size ($ 27.8 Billion) 2030,Telerehabilitation Market Report 2030,"{
  ""@context"": ""https://schema.org"",
  ""@type"": ""BreadcrumbList"",
  ""itemListElement"": [
    {
      ""@type"": ""ListItem"",
      ""position"": 1,
      ""name"": ""Home"",
      ""item"": ""https://www.strategicmarketresearch.com/""
    },
    {
      ""@type"": ""ListItem"",
      ""position"": 2,
      ""name"": ""Healthcare"",
      ""item"": ""https://www.strategicmarketresearch.com/reports/healthcare""
    },
    {
      ""@type"": ""ListItem"",
      ""position"": 3,
      ""name"": ""Telerehabilitation Market Report 2030"",
      ""item"": ""https://www.strategicmarketresearch.com/market-report/telerehabilitation-market""
    }
  ]
}","{
  ""@context"": ""https://schema.org"",
  ""@type"": ""FAQPage"",
  ""mainEntity"": [
    {
      ""@type"": ""Question"",
      ""name"": ""How big is the telerehabilitation market?"",
      ""acceptedAnswer"": {
        ""@type"": ""Answer"",
        ""text"": ""The global telerehabilitation market was valued at USD 7.4 billion in 2024.""
      }
    },
    {
      ""@type"": ""Question"",
      ""name"": ""What is the CAGR for the telerehabilitation market during the forecast period?"",
      ""acceptedAnswer"": {
        ""@type"": ""Answer"",
        ""text"": ""The market is expected to grow at a CAGR of 20.5% from 2024 to 2030.""
      }
    },
    {
      ""@type"": ""Question"",
      ""name"": ""Who are the major players in the telerehabilitation market?"",
      ""acceptedAnswer"": {
        ""@type"": ""Answer"",
        ""text"": ""Leading players include **Philips Healthcare**, **Medtronic**, **Vivify Health**, **TrekMed**, and **Mayo Clinic**.""
      }
    },
    {
      ""@type"": ""Question"",
      ""name"": ""Which region dominates the telerehabilitation market?"",
      ""acceptedAnswer"": {
        ""@type"": ""Answer"",
        ""text"": ""North America leads due to its advanced healthcare infrastructure and regulatory support.""
      }
    },
    {
      ""@type"": ""Question"",
      ""name"": ""What factors are driving the telerehabilitation market?"",
      ""acceptedAnswer"": {
        ""@type"": ""Answer"",
        ""text"": ""Growth is driven by increasing demand for chronic disease management, government support, and advancements in AI and wearable technology.""
      }
    }
  ]
}",," sessions due to commuting difficulties. By using remote monitoring tools and virtual consultations, the center was able to ensure patients continued their recovery programs and saw improvement in patient satisfaction and outcomes.</p></li>
</ul>
<p><b>Home Care Settings</b></p>
<p>With the growing demand for home healthcare services, <b>home care settings</b> are becoming an increasingly important end-user group. Many patients, particularly those recovering from surgery or dealing with chronic conditions, prefer receiving rehabilitation services from the comfort of their homes.</p>
<ul>
<li><p><b>Patient Adoption</b> : Patients who require long-term rehabilitation, especially elderly patients, are adopting telerehabilitation as a way to access therapy from their homes, avoiding the need for frequent hospital visits. This is particularly important in areas with limited access to healthcare providers.</p></li>
<li><p><b>Family Involvement</b> : In home care settings, family members often play a supportive role in assisting patients with their rehabilitation exercises, under the guidance of remote healthcare providers. This ensures that the rehabilitation process continues smoothly.</p></li>
<li><p><b>Use Case Example</b> : A <b>72-year-old patient</b> in <b>Florida</b> , recovering from knee surgery, used a telerehabilitation program provided by a local healthcare provider. Through wearable sensors, the patient’s progress was monitored in real time, allowing the physical therapist to adjust exercises as needed. The patient was able to complete most rehabilitation exercises at home, significantly reducing recovery time and improving overall satisfaction with the process.</p></li>
</ul>
<p><b>Insurance Providers</b></p>
<p>Insurance companies are emerging as critical stakeholders in the telerehabilitation market. With increasing demand for remote healthcare services, insurers are exploring opportunities to include telerehabilitation in their offerings, helping to expand access to rehabilitation care while managing costs.</p>
<ul>
<li><p><b>Insurance Reimbursement Models</b> : Insurers are beginning to reimburse for telerehabilitation services, seeing the long-term benefits in cost reduction and improved patient outcomes. By offering reimbursement for remote rehabilitation services, insurance companies can provide more affordable care options for their members.</p></li>
<li><p><b>Data Collection and Analysis</b> : Insurers are also leveraging data from telerehabilitation services to better understand patient outcomes and rehabilitation trends, allowing them to optimize their service offerings and improve overall healthcare efficiency.</p></li>
<li><p><b>Use Case Example</b> : An <b>insurance company</b> in <b>California</b> began offering coverage for telerehabilitation as part of its health plans, which included remote physical therapy services for patients recovering from joint replacements. The initiative resulted in better patient compliance with rehabilitation protocols and reduced the number of re-hospitalizations, demonstrating the value of telerehabilitation in improving long-term outcomes.</p></li>
</ul>
<p><b>Patients</b></p>
<p>At the heart of the telerehabilitation market are the <b>patients</b> who directly benefit from remote rehabilitation services. Their adoption of telerehabilitation is primarily driven by the convenience, accessibility, and flexibility it provides, particularly for those dealing with mobility issues, chronic conditions, or living in remote areas.</p>
<ul>
<li><p><b>Chronic Disease Management</b> : Patients suffering from chronic conditions such as arthritis, stroke, or neurological disorders benefit significantly from telerehabilitation . It allows them to receive continuous monitoring and therapy, reducing the need for frequent hospital visits.</p></li>
<li><p><b>Post-Surgery and Recovery</b> : For patients recovering from surgeries like joint replacements or spine operations, telerehabilitation enables them to follow a structured rehabilitation plan remotely, making it easier to stay on track with their recovery goals.</p></li>
<li><p><b>Use Case Example</b> : A <b>stroke survivor</b> in <b>Canada</b> participated in a telerehabilitation program using a combination of virtual therapy sessions and wearable monitoring devices. The program helped the patient track their progress in real time, which was shared with their healthcare provider for ongoing adjustments to their recovery plan. This personalized, remote approach was a key factor in the patient's successful rehabilitation.</p></li>
</ul>
<p><b>Use Case Highlight: Tertiary Hospital in South Korea</b></p>
<p>A <b>tertiary hospital</b> in <b>South Korea</b> faced challenges in providing rehabilitation services to patients recovering from major surgeries and neurological conditions. Many of these patients, particularly elderly individuals, struggled to attend in-person rehabilitation sessions due to physical limitations and long travel distances. By implementing a telerehabilitation platform, the hospital was able to monitor patient progress remotely, offer virtual consultations, and provide real-time adjustments to rehabilitation programs. The hospital reported a <b>20% increase</b> in patient participation and a <b>15% improvement</b> in recovery outcomes within the first six months of implementing telerehabilitation . This success led to the hospital expanding its telerehabilitation program, ultimately providing more accessible care to a larger patient base.</p>

<h2><strong>Recent Developments + Opportunities & Restraints</strong></h2>

<h2><strong>Recent Developments</strong></h2>
<p>Over the past two years, the <b>telerehabilitation</b> <b>market</b> has seen significant developments that have driven its expansion. Key events and milestones include:</p>
<ul>
<li><p><b>Expansion of Telehealth Reimbursement</b> In <b>2024</b> , the U.S. government expanded Medicare and Medicaid coverage to include more telehealth services, including telerehabilitation for a variety of rehabilitation needs such as musculoskeletal and neurological conditions. This expansion is helping make telerehabilitation more accessible to a larger segment of the population, especially the elderly and those in remote areas.</p></li>
<li><p><b>Launch of AI-Driven</b> <b>Telerehabilitation</b> <b>Platforms</b> In <b>2023</b> , several startups and established companies launched new <b>AI-powered</b> <b>telerehabilitation</b> <b>platforms</b> . These platforms use machine learning algorithms to analyze patient progress in real time, providing clinicians with actionable insights and enabling more personalized rehabilitation programs. This shift toward AI in telerehabilitation has significantly improved patient outcomes by enabling dynamic and adaptive treatment plans.</p></li>
<li><p><b>Integration with Wearable Technology</b> In <b>2024</b> , a leading health tech company, <b>Fitbit</b> , partnered with <b>Mayo Clinic</b> to integrate their wearable devices into a telerehabilitation program. The partnership allows clinicians to track patient activity levels, vital signs, and recovery progress through the Fitbit platform, offering real-time adjustments to rehabilitation exercises and ensuring greater patient engagement in their recovery process.</p></li>
<li><p><b>Telehealth Platform Upgrades for Neurological Conditions</b> In <b>2023</b> , <b>Vivify Health</b> launched a <b>specialized telehealth platform</b> for patients with neurological conditions such as stroke and Parkinson’s disease. The platform features remote motor function assessments, cognitive therapy, and virtual consultations with therapists, helping address the growing demand for neurological rehabilitation services in underserved regions.</p></li>
<li><p><b>Expansion in Emerging Markets</b> <b>2024</b> marked the entry of <b>TrekMed</b> into <b>India</b> , where the company partnered with local healthcare providers to offer affordable telerehabilitation services. This move is significant as it opens up the telerehabilitation market in Asia-Pacific, which is expected to be the fastest-growing region for this technology.</p></li>
</ul>
<p><b>Opportunities</b></p>
<ul>
<li><p><b>Growth in Chronic Disease Management</b> The increasing prevalence of chronic diseases, such as stroke, musculoskeletal disorders, and neurological conditions, presents a significant opportunity for the telerehabilitation market. Patients with chronic conditions often require long-term rehabilitation, which can be effectively managed through remote care. Telerehabilitation offers a cost-effective, accessible solution that allows patients to receive ongoing therapy without the need for frequent hospital visits.</p></li>
<li><p><b>Integration of AI and Advanced Analytics</b> As AI and data analytics continue to evolve, there is a growing opportunity to enhance the effectiveness of telerehabilitation programs. AI can be used to personalize rehabilitation plans, track patient progress in real time, and predict recovery outcomes based on historical data. This capability will make telerehabilitation even more attractive to healthcare providers and patients, further accelerating market growth.</p></li>
<li><p><b>Expanding in Emerging Markets</b> Emerging markets, particularly in Asia-Pacific and Latin America, offer substantial growth potential for telerehabilitation services. With improvements in healthcare infrastructure and rising healthcare demands, these regions are increasingly adopting digital health technologies. Companies that focus on affordable and accessible telerehabilitation solutions will be well-positioned to capture this growing market.</p></li>
<li><p><b>Government Support for Telehealth Initiatives</b> Governments around the world are increasingly supporting the expansion of telehealth services through funding, policy changes, and relaxed regulations. For example, countries like the U.S., the U.K., and Canada have expanded telehealth reimbursement policies, which will drive the adoption of telerehabilitation services. In particular, policy changes that make telerehabilitation services more affordable will encourage widespread use among patients in rural areas and underserved regions.</p></li>
</ul>

<h2><strong>Restraints</strong></h2>
<ul>
<li><p><b>Regulatory Barriers and Lack of Standardization</b> One of the key challenges facing the telerehabilitation market is the lack of regulatory standardization. In many regions, telehealth services, including telerehabilitation , are subject to complex and varying regulations. The absence of universal standards for practice, reimbursement, and data privacy can hinder adoption, particularly in international markets where regulations differ from region to region.</p></li>
<li><p><b>High Initial Investment Costs</b> While telerehabilitation offers long-term cost savings, the initial investment in technology, platforms, and training can be high. Healthcare providers, particularly in developing regions, may face challenges in justifying the cost of implementing telerehabilitation services. Additionally, the cost of specialized devices, such as wearables and virtual reality tools, may pose a barrier to widespread adoption.</p></li>
<li><p><b>Patient Resistance and Digital Literacy</b> In certain regions, especially in older populations or areas with low internet penetration, there is resistance to adopting telerehabilitation services. Patients may be hesitant to use technology for healthcare or may lack the necessary digital literacy to effectively engage in virtual rehabilitation programs. Ensuring that patients are comfortable using digital platforms is critical to driving higher adoption rates.</p></li>
<li><p><b>Data Security and Privacy Concerns</b> The use of digital platforms to monitor patient data raises concerns regarding data security and privacy. As telerehabilitation involves the collection of sensitive health data, ensuring robust security measures and compliance with data protection regulations (such as GDPR or HIPAA) is crucial. Data breaches or mishandling of personal health information could undermine patient trust and slow market growth.</p></li>
</ul>

<h2><strong>7.1. Report Coverage Table</strong></h2>
<table style=""border-collapse: collapse; width: 100%; margin: 10px 0;""><tbody>
<tr style=""background-color: #5b9bd5; color: white; font-weight: bold;"">
<td style=""border: 1px solid #9cc2e5; vertical-align: top; padding: 8px; width: 263px; font-weight: bold;""><strong>Report Attribute</strong></td>
<td style=""border: 1px solid #9cc2e5; vertical-align: top; padding: 8px; width: 303px;""><strong>Details</strong></td>
</tr>
<tr style=""background-color: #deeaf6;"">
<td style=""border: 1px solid #9cc2e5; vertical-align: top; padding: 8px; width: 263px; font-weight: bold;""><strong>Forecast Period</strong></td>
<td style=""border: 1px solid #9cc2e5; vertical-align: top; padding: 8px; width: 303px;"">2024 – 2030</td>
</tr>
<tr style=""background-color: #ffffff;"">
<td style=""border: 1px solid #9cc2e5; vertical-align: top; padding: 8px; width: 263px; font-weight: bold;""><strong>Market Size Value in 2024</strong></td>
<td style=""border: 1px solid #9cc2e5; vertical-align: top; padding: 8px; width: 303px;"">USD 7.4 Billion</td>
</tr>
<tr style=""background-color: #deeaf6;"">
<td style=""border: 1px solid #9cc2e5; vertical-align: top; padding: 8px; width: 263px; font-weight: bold;""><strong>Revenue Forecast in 2030</strong></td>
<td style=""border: 1px solid #9cc2e5; vertical-align: top; padding: 8px; width: 303px;"">USD 27.8 Billion</td>
</tr>
<tr style=""background-color: #ffffff;"">
<td style=""border: 1px solid #9cc2e5; vertical-align: top; padding: 8px; width: 263px; font-weight: bold;""><strong>Overall Growth Rate</strong></td>
<td style=""border: 1px solid #9cc2e5; vertical-align: top; padding: 8px; width: 303px;"">CAGR of 20.5% (2024 – 2030)</td>
</tr>
<tr style=""background-color: #deeaf6;"">
<td style=""border: 1px solid #9cc2e5; vertical-align: top; padding: 8px; width: 263px; font-weight: bold;""><strong>Base Year for Estimation</strong></td>
<td style=""border: 1px solid #9cc2e5; vertical-align: top; padding: 8px; width: 303px;"">2023</td>
</tr>
<tr style=""background-color: #ffffff;"">
<td style=""border: 1px solid #9cc2e5; vertical-align: top; padding: 8px; width: 263px; font-weight: bold;""><strong>Historical Data</strong></td>
<td style=""border: 1px solid #9cc2e5; vertical-align: top; padding: 8px; width: 303px;"">2017 – 2021</td>
</tr>
<tr style=""background-color: #deeaf6;"">
<td style=""border: 1px solid #9cc2e5; vertical-align: top; padding: 8px; width: 263px; font-weight: bold;""><strong>Unit</strong></td>
<td style=""border: 1px solid #9cc2e5; vertical-align: top; padding: 8px; width: 303px;"">USD Million, CAGR (2024 – 2030)</td>
</tr>
<tr style=""background-color: #ffffff;"">
<td style=""border: 1px solid #9cc2e5; vertical-align: top; padding: 8px; width: 263px; font-weight: bold;""><strong>Segmentation</strong></td>
<td style=""border: 1px solid #9cc2e5; vertical-align: top; padding: 8px; width: 303px;"">By Product Type, By Application, By End User, By Geography</td>
</tr>
<tr style=""background-color: #deeaf6;"">
<td style=""border: 1px solid #9cc2e5; vertical-align: top; padding: 8px; width: 263px; font-weight: bold;""><strong>By Product Type</strong></td>
<td style=""border: 1px solid #9cc2e5; vertical-align: top; padding: 8px; width: 303px;"">Software Solutions, Hardware Solutions, Integrated Solutions</td>
</tr>
<tr style=""background-color: #ffffff;"">
<td style=""border: 1px solid #9cc2e5; vertical-align: top; padding: 8px; width: 263px; font-weight: bold;""><strong>By Application</strong></td>
<td style=""border: 1px solid #9cc2e5; vertical-align: top; padding: 8px; width: 303px;"">Musculoskeletal Rehabilitation, Neurological Rehabilitation, Cardiac Rehabilitation, Mental Health Rehabilitation</td>
</tr>
<tr style=""background-color: #deeaf6;"">
<td style=""border: 1px solid #9cc2e5; vertical-align: top; padding: 8px; width: 263px; font-weight: bold;""><strong>By End User</strong></td>
<td style=""border: 1px solid #9cc2e5; vertical-align: top; padding: 8px; width: 303px;"">Healthcare Providers, Home Care Settings, Insurance Providers, Patients</td>
</tr>
<tr style=""background-color: #ffffff;"">
<td style=""border: 1px solid #9cc2e5; vertical-align: top; padding: 8px; width: 263px; font-weight: bold;""><strong>By Region</strong></td>
<td style=""border: 1px solid #9cc2e5; vertical-align: top; padding: 8px; width: 303px;"">North America, Europe, Asia-Pacific, Latin America, Middle East & Africa</td>
</tr>
<tr style=""background-color: #deeaf6;"">
<td style=""border: 1px solid #9cc2e5; vertical-align: top; padding: 8px; width: 263px; font-weight: bold;""><strong>Country Scope</strong></td>
<td style=""border: 1px solid #9cc2e5; vertical-align: top; padding: 8px; width: 303px;"">U.S., U.K., Germany, China, India, Japan, Brazil, etc.</td>
</tr>
<tr style=""background-color: #ffffff;"">
<td style=""border: 1px solid #9cc2e5; vertical-align: top; padding: 8px; width: 263px; font-weight: bold;""><strong>Market Drivers</strong></td>
<td style=""border: 1px solid #9cc2e5; vertical-align: top; padding: 8px; width: 303px;"">- Increasing prevalence of chronic diseases
- Government support for telehealth
- Advancements in AI and wearable technology</td>
</tr>
<tr style=""background-color: #deeaf6;"">
<td style=""border: 1px solid #9cc2e5; vertical-align: top; padding: 8px; width: 263px; font-weight: bold;""><strong>Customization Option</strong></td>
<td style=""border: 1px solid #9cc2e5; vertical-align: top; padding: 8px; width: 303px;"">Available upon request</td>
</tr>
</tbody></table>"
